Ordem, Tempo(ms)
100, 0.089749
200, 1.709237
400, 1.895066
800, 3.026218
1600, 9.715698
3200, 23.885042
6400, 81.527416
12800, 308.864990
25600, 1217.083043
